source1_entity_id,f05,precision,recall,name_raw,address_norm,country,true_matches,predicted_matches,false_positives,false_negatives
S1-75134768,0.0,0.0,0.0,Urban Tech,kolkata 71 b r b basu rd west bengal kolkata,india,"S2-170486292,S2-623236074,S3-146641895",,,"S2-170486292,S2-623236074,S3-146641895"
S1-172850574,0.0,0.0,1.0,Compass Partners,78 fairfield ave tisbury ma,us,,S2-530880857,S2-530880857,
S1-480138954,0.0,0.0,1.0,New Delhi Wires Limited,delhi naraina vihar new delhi west delhi g 63,india,,S3-863401613,S3-863401613,
S1-18557885,0.0,0.0,0.0,All Tech Private Limited,vill gobindapur po irhpala paschim mednipur west bengal midnapore,india,S2-378927827,,,S2-378927827
S1-126920508,0.0,0.0,0.0,Hotel Shiva Tech Private Limited,bihar patna 212 ashiana tower exhibition rd phulwari,india,"S2-849898364,S3-812655890",,,"S2-849898364,S3-812655890"
S1-309349399,0.0,0.0,1.0,Callicoat & Dailey Inc,charlotte nc 833 reliance st,us,,S3-941087144,S3-941087144,
S1-919196591,0.0,0.0,0.0,Golden Foundation Private Limited,202 2nd fl plot no a 15 jai krishna complex off veera desai rd mumbai maharashtra,india,S2-203393822,,,S2-203393822
S1-419235241,0.0,0.0,0.0,Zirain Eco Limited,t hub foundation 1 c 83 1 level 6 raidurg panmakth shaikpet hyderabad telangana,india,S2-331102815,,,S2-331102815
S1-49032225,0.0,0.0,1.0,Lakshmi Builders Private Limited,d 109 gauri shanker enclave prem nagar iii kirari suleman nagar new delhi delhi,india,,S2-107864868,S2-107864868,
S1-622241555,0.0,0.0,0.0,New Delhi India,central delhi 37 8 e v charging delhi old rajinder nagar new delhi,india,S2-353265017,,,S2-353265017
S1-278247824,0.0,0.0,0.0,Urban Best International Pvt Ltd,25 d1 4th st peons colonly indranagar koundampalayam coimbatore tamil nadu,india,"S2-941910820,S3-887674014",,,"S2-941910820,S3-887674014"
S1-155964028,0.0,0.0,1.0,Vision Group LLC,ar gentry 13776 taylor orchard rd unit apt 3,us,,S2-100978306,S2-100978306,
S1-809269444,0.0,0.0,0.0,Swastik International Private Limited,mumbai a wing 602 6th fl madina manzil compound s v rd goreg aon maharashtra a k tower,india,"S2-670060303,S2-902157923",S3-411328104,S3-411328104,"S2-670060303,S2-902157923"
S1-706274174,0.45454545454545453,0.5,0.3333333333333333,Bharat Tech Limited,flat no 03 1st fl vijay residency sr no 5 hissa no 02 pune cantonment bank kesh av nagar mundhwa pune maharashtra,india,"S2-459222556,S3-11724817,S3-636680282","S3-11724817,S3-449179044",S3-449179044,"S2-459222556,S3-636680282"
S1-340744823,0.48387096774193544,0.42857142857142855,1.0,Henley Ingredients LLC,323 32nd ave clinton ia,us,"S2-192349653,S2-464405097,S3-213017021","S2-192349653,S2-464405097,S3-104903588,S3-168287171,S3-213017021,S3-240214198,S3-797573519","S3-104903588,S3-168287171,S3-240214198,S3-797573519",
S1-110602510,0.5,0.5,0.5,Real Alpha Media Private Limited,house no c 262 siddharth nagar jaipur rajasthan,india,"S2-486730997,S3-967353699","S2-486730997,S3-412701641",S3-412701641,S3-967353699
S1-449643256,0.5555555555555556,1.0,0.2,Ss Solutions Private Limited,oz 11 4 sipcot hi tech sez oragadam sriperumbudur taluk kancheepuram distri ct sriperumbudur tiruvallur tamil nadu,india,"S2-117159346,S2-220837274,S2-805374952,S3-463040798,S3-520258650",S2-805374952,,"S2-117159346,S2-220837274,S3-463040798,S3-520258650"
S1-235705784,0.5555555555555556,0.5,1.0,Urban Pub! Center,15 brilliante cir hot springs village ar,us,S2-909832021,"S2-909832021,S2-943318604",S2-943318604,
S1-464797359,0.5555555555555556,0.5,1.0,Frontier Wellness LLC,41 nashua ave gloucester ma,us,S3-290906196,"S2-484908664,S3-290906196",S2-484908664,
S1-235827905,0.5555555555555556,1.0,0.2,Sai Infotech Private Limited,patna bihar 709 7th fl jagat trade centre maurya lok fraser rd,india,"S2-507059436,S2-601889211,S3-245041126,S3-873245999,S3-873543936",S3-873543936,,"S2-507059436,S2-601889211,S3-245041126,S3-873245999"
S1-931228719,0.625,1.0,0.25,Black Consultancy Private Limited,1235 9th main rd vijaya nagar bengalore bengaluru karnataka,india,"S2-384356868,S2-525746927,S3-775792842,S3-948667688",S3-948667688,,"S2-384356868,S2-525746927,S3-775792842"
S1-169008536,0.625,1.0,0.25,Urban Projects,c o alauddin molla noorpur ramnagar 24 parganas diamond harbour i south 24 parganas west bengal,india,"S2-121375598,S2-458855873,S2-875082763,S3-451617552",S2-875082763,,"S2-121375598,S2-458855873,S3-451617552"
S1-913921484,0.625,1.0,0.25,High Tech Private Limited,dharwar dharwad c04 banashankari layout vidyanagar behind banasha hubballi karnataka,india,"S2-768747567,S3-46892344,S3-618877399,S3-759169756",S3-759169756,,"S2-768747567,S3-46892344,S3-618877399"
S1-548811788,0.6666666666666666,0.6666666666666666,0.6666666666666666,Golden Chemical Company,129 bemiston ave saint louis mo,us,"S2-403552536,S2-753773305,S3-516567661","S2-403552536,S2-720022842,S2-753773305",S2-720022842,S3-516567661
S1-646968667,0.7142857142857142,0.6666666666666666,1.0,Shree & Brothers,nakshatra hights office no 404 opp telephone exchange 150 ft ring roa d rajkot gujarat,india,"S3-116928455,S3-779169584","S3-116928455,S3-634335773,S3-779169584",S3-634335773,
S1-431659504,0.7142857142857142,0.6666666666666666,1.0,Express Aerospace Works,11 cordelia way vass nc,us,"S2-896408037,S3-617889774","S2-896408037,S3-107666801,S3-617889774",S3-107666801,
S1-53041046,0.7142857142857143,1.0,0.3333333333333333,Guru Care LLP,gali no 3 behind city mall vijay nagar gokalgarh rewari haryana,india,"S2-219647551,S2-725872180,S3-503974304,S3-674116550,S3-678864675,S3-979877881","S2-725872180,S3-678864675",,"S2-219647551,S3-503974304,S3-674116550,S3-979877881"
S1-237670057,0.7142857142857143,1.0,0.3333333333333333,Jay Foods Private Limited,c o sirajuddin ansari mohanmundera bodarwar hata kushinagar uttar pradesh,india,"S2-65371457,S3-383977900,S3-886609070",S3-886609070,,"S2-65371457,S3-383977900"
S1-335478469,0.7142857142857143,1.0,0.3333333333333333,Audy Parker Blue Yield Corp,1064 dwarf ln bedford county va,us,"S3-103297781,S3-390729257,S3-757049552",S3-390729257,,"S3-103297781,S3-757049552"
S1-181172933,0.7142857142857143,1.0,0.3333333333333333,Laxmi Builders,25 1st fl 6th cross leela palace rd vruddhi complex nr ayyappa temple kodihalli bengaluru karnataka,india,"S2-214464661,S2-265472423,S3-79107148",S3-79107148,,"S2-214464661,S2-265472423"
S1-192327811,0.7142857142857143,1.0,0.3333333333333333,NP Global Company,61 t f third fl vijay block east delhi delhi,india,"S2-154698750,S2-622284434,S3-282250085",S2-154698750,,"S2-622284434,S3-282250085"
S1-745450749,0.7142857142857143,1.0,0.3333333333333333,Oki Therapy (India),12 thakurdas banerjee rd kolkata north 24 parganas west bengal,india,"S2-51162005,S3-53773814,S3-997451038",S3-53773814,,"S2-51162005,S3-997451038"
S1-680008372,0.7142857142857143,1.0,0.3333333333333333,Solar Solutions Private Limited,8124 sec c pocket 8 vasant kunj new delhi south west delhi delhi,india,"S2-474048096,S3-306689701,S3-319382210",S2-474048096,,"S3-306689701,S3-319382210"
S1-889785911,0.7142857142857143,1.0,0.3333333333333333,Surya Om Hospitality Private Limited,flat no 201 anshu courtyard rangareddy telangana,india,"S2-182852657,S3-378154027,S3-874286491",S3-874286491,,"S2-182852657,S3-378154027"
S1-66391243,0.75,0.75,0.75,My Infotech Private Limited,1a ajay shopping centre behind vishal chemist t h kataria rd mahim mumbai mumbai city maharashtra,india,"S2-183371842,S2-398483370,S2-470514673,S3-968425710","S2-398483370,S2-470514673,S3-912631484,S3-968425710",S3-912631484,S2-183371842
S1-239986792,0.75,1.0,0.375,Krishna Software Pvt Ltd,a02 omkar bldg mathura nagar taaki rd nallasopara east palghar nallasopara thane maharashtra,india,"S2-321071987,S2-430892053,S2-476732965,S2-615936168,S2-765322116,S3-199318293,S3-705961678,S3-82664645","S2-430892053,S2-765322116,S3-82664645",,"S2-321071987,S2-476732965,S2-615936168,S3-199318293,S3-705961678"
S1-763496609,0.7692307692307692,1.0,0.4,Shakti Consulting Limited,flat no 8 c wing sai tower chs ltd ambadi rd vasai west thane maharashtra,india,"S2-346684703,S2-868047179,S3-319770057,S3-510672652,S3-97879507","S2-346684703,S3-97879507",,"S2-868047179,S3-319770057,S3-510672652"
S1-183283123,0.7692307692307692,1.0,0.4,ZQ Fishery Co,1st fl plot no 2 opp housing board akara batta abu rd sirohi rajasthan,india,"S2-187884742,S2-593853422,S3-66288695,S3-804180847,S3-871484718","S2-593853422,S3-871484718",,"S2-187884742,S3-66288695,S3-804180847"
S1-949279814,0.7692307692307692,1.0,0.4,Z+ Maintenance P.C.,3606 cr 382 san antonio tx,us,"S2-109268847,S2-876517323,S3-550224749,S3-67297857,S3-825466531","S2-876517323,S3-825466531",,"S2-109268847,S3-550224749,S3-67297857"
S1-458266075,0.7692307692307692,1.0,0.4,Great Care Private Limited,13 57 kinari bazar agra uttar pradesh,india,"S2-253849723,S2-322912660,S2-964677611,S3-410465040,S3-821518524","S2-253849723,S3-821518524",,"S2-322912660,S2-964677611,S3-410465040"
S1-52507682,0.7692307692307692,0.8,0.6666666666666666,Gold Impex Private Limited,301 nisarg appt nr dimple row house piplod surat city surat gujarat,india,"S2-291898427,S2-455197403,S2-761485390,S3-270920419,S3-84022886,S3-881912062","S2-455197403,S2-880585115,S3-270920419,S3-84022886,S3-881912062",S2-880585115,"S2-291898427,S2-761485390"
S1-609758235,0.7894736842105263,0.75,1.0,Real Constructions Private Limited,no 1 1st fl sri sai layout panthanur dinne bengaluru north bengaluru karnataka,india,"S2-367349732,S2-545771855,S3-479735972","S2-367349732,S2-447035910,S2-545771855,S3-479735972",S2-447035910,
S1-633523699,0.7894736842105263,0.75,1.0,Urban Diner Inc,18338 sh 6 alvin tx,us,"S2-811564407,S2-878221660,S3-613416520","S2-472793136,S2-811564407,S2-878221660,S3-613416520",S2-472793136,
S1-915022305,0.7894736842105263,0.75,1.0,Cozy Pub,3616 peterson ave chicago il,us,"S2-355615365,S3-756557772,S3-857332206","S2-355615365,S2-597775651,S3-756557772,S3-857332206",S2-597775651,
S1-42637588,0.7894736842105263,0.75,1.0,Blue Perimeter,1137 glenn ave springfield mo,us,"S2-936888707,S3-144145821,S3-571968869","S2-763415150,S2-936888707,S3-144145821,S3-571968869",S2-763415150,
S1-632113915,0.8,0.8,0.8,Shaikpet Solutions Private Limited,sy no 64 4th fl huda techno enclave sec 3 plot no 7 1 telangana shaikpet hyderabad,india,"S2-705282599,S2-799880289,S2-907244063,S2-974891564,S3-511234614","S2-799880289,S2-907244063,S2-974891564,S3-511234614,S3-565866487",S3-565866487,S2-705282599
S1-88592935,0.8,0.8,0.8,Internal Medicine Center,2812 13th ave wa spokane,us,"S2-206264483,S2-298586784,S2-616082483,S3-248819741,S3-328641502","S2-206264483,S2-616082483,S2-933085923,S3-248819741,S3-328641502",S2-933085923,S2-298586784
S1-359805448,0.8333333333333334,1.0,0.5,Laxmi Infra Private Limited,c 1 376 g sec g sit at lucknow uttar pradesh,india,"S2-963253039,S3-532488017",S3-532488017,,S2-963253039
S1-215335896,0.8333333333333334,1.0,0.5,North Investment Private Limited,office no 102 pentagon tower p4 magarpatta pune city pune maharashtra,india,"S2-45923142,S3-533268989",S3-533268989,,S2-45923142
S1-14310054,0.8333333333333334,0.8,1.0,Wade Manulife LLC,6010 coventry falls houston tx,us,"S2-194709041,S2-515261411,S3-576716684,S3-995916976","S2-194709041,S2-515261411,S2-791634754,S3-576716684,S3-995916976",S2-791634754,
S1-684772333,0.8333333333333334,1.0,0.5,Vijay Consultancy Private Limited,plot no 813 1 vikas cinemall situated at g t rd naveen shahdara delhi,india,"S2-375054962,S3-552974589",S3-552974589,,S2-375054962
S1-803590345,0.8333333333333334,0.8,1.0,Horizon LLC,1109 pea ridge rd huntington wv,us,"S2-185490046,S2-300720438,S2-719870548,S3-728674730","S2-185490046,S2-300720438,S2-719870548,S3-457645040,S3-728674730",S3-457645040,
S1-344557977,0.8333333333333334,1.0,0.5,Smart Industries Private Limited,d 32 new ashok nagar new delhi new delhi east delhi delhi,india,"S2-237548317,S3-807005309",S3-807005309,,S2-237548317
S1-721254668,0.8333333333333334,1.0,0.5,Ss Estate Private Limited,1 1 1b paikpara row kolkata howrah west bengal,india,"S2-399134794,S2-82419557",S2-399134794,,S2-82419557
S1-381957415,0.8333333333333334,1.0,0.5,Digital Care Limited,flat no 1 sumangal resi ulka nagari aurngabad aurangabad maharashtra,india,"S2-380947443,S2-422911858,S3-538767270,S3-888417008","S2-422911858,S3-538767270",,"S2-380947443,S3-888417008"
S1-169108778,0.8333333333333334,1.0,0.5,Smart Industries Private Limited,delhi south delhi new delhi omaxe square plot no 14 jasola district center unit no ff 48a,india,"S2-234283268,S2-254738362,S2-650989582,S2-998590512,S3-504051310,S3-512746319","S2-234283268,S3-504051310,S3-512746319",,"S2-254738362,S2-650989582,S2-998590512"
S1-271585788,0.8333333333333334,1.0,0.5,Tirupati Power,west delhi wz 2d new delhi nangli zalib b 1 janak puri delhi,india,"S2-139796834,S3-103238828,S3-219339349,S3-31728409","S3-103238828,S3-31728409",,"S2-139796834,S3-219339349"
S1-881273353,0.8333333333333334,1.0,0.5,Davila's Maintenance,3796 tottys bend rd duck river tn,us,"S2-989433039,S3-322260311",S3-322260311,,S2-989433039
S1-459696014,0.8333333333333334,1.0,0.5,Arihant Builders Private Limited,11a lic office ke piche indra nagar dibiyapur auraiya etawa uttar pradesh,india,"S2-148869978,S2-629751128,S2-724357562,S3-811227952","S2-148869978,S2-629751128",,"S2-724357562,S3-811227952"
S1-722985117,0.8333333333333334,1.0,0.5,Innovative Exports Private Limited,no 16 2 survey no 13 2 2nd cross raghuvanahalli bengaluru south bengaluru karnataka,india,"S2-906320276,S3-200618486",S3-200618486,,S2-906320276
S1-289445281,0.8333333333333334,1.0,0.5,Unique Global Pvt Ltd,602 6th fl bldg no 16 ajmera heights iii chsl yogidham kalyan thane maharashtra,india,"S2-559415812,S2-708881630",S2-559415812,,S2-708881630
S1-870254921,0.8333333333333334,1.0,0.5,Vm India Private Limited,kanjirathani vattakkunnu kappur p o ottappalam palakkad kerala,india,"S2-763535749,S2-769703757,S3-676115758,S3-840435139","S2-763535749,S3-840435139",,"S2-769703757,S3-676115758"
S1-971250306,0.8333333333333334,1.0,0.5,Om Foundation Private Limited,scheme no 78 indore indore madhya pradesh unit no 1106 to 1110 skye corporate park p no 25,india,"S2-477495683,S2-633634227,S3-123945220,S3-186430796","S2-477495683,S3-123945220",,"S2-633634227,S3-186430796"
S1-508306248,0.8333333333333334,1.0,0.5,Flanagan Modern Development,1140 oak openings rd avon ny,us,"S2-736349205,S3-899523378",S3-899523378,,S2-736349205
S1-246478198,0.8333333333333334,1.0,0.5,Modern Marketing Private Limited,5 8 49 2 1 a gadwal compound nampally hyderabad telangana,india,"S2-296004580,S2-312560202,S2-474030503,S3-441780973","S2-312560202,S3-441780973",,"S2-296004580,S2-474030503"
S1-59409377,0.8333333333333334,1.0,0.5,Alyss Lopez Dbdr Corp,2220 jackson ave hempstead ny,us,"S2-664205347,S2-674327533",S2-674327533,,S2-664205347
S1-261133992,0.8333333333333334,1.0,0.5,Good Power,flat no 603 e2 nr rutu estate rutu towers patli pada ghodbunder rd thane maharashtra,india,"S2-460362340,S3-974087195",S3-974087195,,S2-460362340
S1-385303865,0.8333333333333334,1.0,0.5,Red Foods Pvt Ltd,d no 6 2 30 b flot no 103 first fl express ct lakdi ka poo l saifabad hyderabad telangana,india,"S2-674047925,S2-992610279,S3-666294419,S3-714744072","S2-674047925,S2-992610279",,"S3-666294419,S3-714744072"
S1-950871075,0.8333333333333334,0.8,1.0,Popular Ace Private Limited,b 145 new delhi delhi mount kailash east of kailash,india,"S2-827746515,S2-899058442,S3-423323449,S3-511482431","S2-827746515,S2-899058442,S3-423323449,S3-511482431,S3-784986936",S3-784986936,
S1-104104759,0.8333333333333334,0.8333333333333334,0.8333333333333334,Signature Bay Trading LLC,1325 elizabeth ave village of lake delton wi,us,"S2-298632458,S2-549221592,S2-735866307,S2-844537383,S3-816702921,S3-909090444","S2-481689812,S2-549221592,S2-735866307,S2-844537383,S3-816702921,S3-909090444",S2-481689812,S2-298632458
S1-603849231,0.8333333333333334,1.0,0.5,Big Solutions Private Limited,5 318 kumaran nagar vengamedu coimbatore tamil nadu tiruppur,india,"S2-601925993,S3-105764159",S3-105764159,,S2-601925993
S1-921396568,0.8333333333333334,1.0,0.5,Hotel Management Pvt Ltd,unit no 231 2nd foor dlf star tower bldg sec 31 nh 8 gurugram gurugram gurugram haryana,india,"S2-803599932,S2-940114459,S3-235624291,S3-826472888","S2-803599932,S3-235624291",,"S2-940114459,S3-826472888"
S1-622515318,0.8333333333333334,1.0,0.5,City Food Private Limited,telangana k v rangareddy serilingampally fno b 305 3rd fl ramky one kosmos,india,"S2-594570108,S3-310239123",S3-310239123,,S2-594570108
S1-662343149,0.8333333333333334,1.0,0.5,LK Worldwide,29454 123rd ln peoria az,us,"S3-71242119,S3-859854324",S3-71242119,,S3-859854324
S1-519076290,0.8333333333333334,1.0,0.5,Jay Infra Private Limited,malayankulamambasamudram taluk tirunelveli district tirunelveli pin tamil nadu,india,"S2-28365490,S2-484080182,S2-634976039,S3-245410562,S3-284014969,S3-537199332","S2-484080182,S3-284014969,S3-537199332",,"S2-28365490,S2-634976039,S3-245410562"
S1-869118709,0.8333333333333334,1.0,0.5,Southern Healthcare Private Limited,d 10 empire residency nea r agarwal public school indore madhya pradesh,india,"S2-101031958,S3-73084608",S3-73084608,,S2-101031958
S1-391548630,0.8333333333333334,1.0,0.5,Tech Ss Infra Private Limited,kanpur uttar pradesh 10 azad nagar 2a 244,india,"S2-819864481,S3-866005022",S3-866005022,,S2-819864481
S1-747229206,0.8333333333333334,1.0,0.5,All Care Limited,e 3 mansarover garden new delhi north delhi delhi,india,"S2-566218594,S2-87810628,S3-186221043,S3-542150006","S3-186221043,S3-542150006",,"S2-566218594,S2-87810628"
S1-580992307,0.8333333333333334,1.0,0.5,Creative Baba It Private Limited,d220 s fl defence colony new delhi south delhi delhi,india,"S2-277764304,S2-567617772,S2-609372791,S3-178110428,S3-62710162,S3-938870340","S2-567617772,S3-178110428,S3-62710162",,"S2-277764304,S2-609372791,S3-938870340"
S1-393934451,0.8333333333333334,1.0,0.5,Mangrol Technologies Private Limited,shop no 29 f buil rajeshvar plaza udhna mangrol surat gujarat,india,"S2-691615008,S3-639279066",S2-691615008,,S3-639279066
S1-281356776,0.8333333333333334,1.0,0.5,Allied Educational Society,gurugram gurugram haryana h 115 south city 2 gurugram,india,"S2-178183232,S2-437044709,S3-328402545,S3-79293527","S2-178183232,S2-437044709",,"S3-328402545,S3-79293527"
S1-553712807,0.8333333333333334,1.0,0.5,Meon,2221 24th st muskogee ok,us,"S2-103542778,S3-420952715,S3-577159843,S3-695431639","S2-103542778,S3-695431639",,"S3-420952715,S3-577159843"
S1-650059632,0.8333333333333334,1.0,0.5,Highland Services Inc,1037 148th pl bellevue wa,us,"S2-5649264,S2-641706819",S2-5649264,,S2-641706819
S1-387694500,0.8333333333333334,1.0,0.5,Bombay Power Private Limited,no 32 2 2nd fl mcc towers opp to sigma soft tech park whitefield main rd ramagon danahalli bengaluru karnataka,india,"S2-674345300,S2-828925482,S2-89272121,S2-960848454,S3-469722658,S3-77197957,S3-789542813,S3-904486811,S3-9126403,S3-91755708","S2-828925482,S2-960848454,S3-469722658,S3-789542813,S3-91755708",,"S2-674345300,S2-89272121,S3-77197957,S3-904486811,S3-9126403"
S1-951451939,0.8333333333333334,1.0,0.5,Maa Investments Private Limited,villa no 68 cyprus palms serilingampally k v rangareddy telangana,india,"S2-462155423,S3-452373688",S3-452373688,,S2-462155423
S1-798978238,0.8333333333333334,0.8333333333333334,0.8333333333333334,Urban Pub,102 county rd 5113 cleveland tx,us,"S2-142959070,S2-943318604,S3-156775600,S3-420499524,S3-748257774,S3-889535519","S2-142959070,S2-909832021,S2-943318604,S3-156775600,S3-748257774,S3-889535519",S2-909832021,S3-420499524
S1-292615208,0.8333333333333334,1.0,0.5,Laxmi Software Private Limited,210 2nd fl tv industrial estate s k ahire marg behind glaxo worli mumbai mumbai city maharashtra,india,"S2-442644857,S2-828291076,S3-379055321,S3-96434998","S3-379055321,S3-96434998",,"S2-442644857,S2-828291076"
S1-238576208,0.8333333333333334,1.0,0.5,Premier Ventures,4a ray st kamadhenu bldg elgin rd kolkata kolkata howrah west bengal,india,"S2-789984427,S3-135455488",S3-135455488,,S2-789984427
S1-907556285,0.8333333333333334,1.0,0.5,Great Products Private Limited,c 65 first fl new ashok nagar new ashok nagar east delhi delhi,india,"S2-416672809,S3-827665309",S3-827665309,,S2-416672809
S1-571777559,0.8333333333333334,1.0,0.5,Blue Power Private Limited,plot no 78 ajmer rd sukhadiya nagar bhilwara bhilwara rajasthan,india,"S2-105253566,S2-680162051",S2-680162051,,S2-105253566
S1-766392501,0.8333333333333334,1.0,0.5,Vision Agro Private Limited,plot no 14 st no 8 ravindra nagar colony habsiguda hyderabad hyderabad telangana,india,"S2-598721131,S2-834315449,S3-305332402,S3-964021760","S2-834315449,S3-964021760",,"S2-598721131,S3-305332402"
S1-752221257,0.8333333333333334,1.0,0.5,Jay Producer Private Limited,m a solanki next to gajanan cold drinks m g rd valsad gujarat,india,"S2-376150242,S2-661296060,S3-288529213,S3-660508235,S3-8341905,S3-894844870","S2-376150242,S3-8341905,S3-894844870",,"S2-661296060,S3-288529213,S3-660508235"
S1-845493376,0.8333333333333334,1.0,0.5,Raven LLC,1016 welch st village of belleville wi,us,"S2-486963802,S3-74171796",S2-486963802,,S3-74171796
S1-941651618,0.8333333333333334,1.0,0.5,Aditya Software Private Limited,parmar mention 1st fl beside nagin apt kalyan nagar chikhli district navsari chikhli navsari gujarat,india,"S2-153640660,S2-158001350",S2-153640660,,S2-158001350
S1-799416225,0.8333333333333334,1.0,0.5,Sun Industries Private Limited,sukhatme hospital astavinayakapts behind dholya ganpati ashok stambh nashik maharashtra,india,"S2-140002116,S2-519625912,S2-812821716,S3-424715987","S2-140002116,S3-424715987",,"S2-519625912,S2-812821716"
S1-177887676,0.8333333333333334,0.8,1.0,Mckinley Aspen LLC,416 high st salem in,us,"S2-196644112,S2-73599615,S3-17022177,S3-545893124","S2-196644112,S2-73599615,S3-17022177,S3-545893124,S3-573203208",S3-573203208,
S1-327225619,0.8333333333333334,1.0,0.5,Berman's Farms,5232 main montpelier in,us,"S2-802329094,S3-752160488",S2-802329094,,S3-752160488
S1-424170762,0.8620689655172415,0.8333333333333334,1.0,Martinez Advanced Miluna PLLC,314 iroquois rd hillside il,us,"S2-959040487,S2-960214800,S2-976364398,S3-819721483,S3-954200643","S2-579870405,S2-959040487,S2-960214800,S2-976364398,S3-819721483,S3-954200643",S2-579870405,
S1-476024246,0.8695652173913042,1.0,0.5714285714285714,Big Ventures Private Limited,sir mount nr vasupujya bunglows s g rd satelite ahmedabad 5th fl 501 ahmedabad gujarat,india,"S2-19769860,S2-335788428,S3-309211196,S3-726156549,S3-755132953,S3-979256064,S3-981817591","S2-19769860,S2-335788428,S3-726156549,S3-979256064",,"S3-309211196,S3-755132953,S3-981817591"
S1-471497067,0.8695652173913042,1.0,0.5714285714285714,Bombay Media LLP,fattepuria niwas old cotton market wardha maharashtra,india,"S2-131617194,S2-29630284,S2-557385841,S2-80270893,S3-242732893,S3-510474257,S3-611182398","S2-29630284,S2-557385841,S3-242732893,S3-510474257",,"S2-131617194,S2-80270893,S3-611182398"
S1-91890249,0.8695652173913042,1.0,0.5714285714285714,South Services LLP,c o mita mukherjee kochdihi jhanjra burdwan laudoha bardhaman west bengal,india,"S2-367487759,S2-485999944,S2-499931513,S3-217154879,S3-752025049,S3-774711397,S3-813400474","S2-367487759,S2-485999944,S2-499931513,S3-752025049",,"S3-217154879,S3-774711397,S3-813400474"
S1-113308274,0.8823529411764706,1.0,0.6,High International Pvt Ltd,tamil nadu madurai madurai azad st gandhi nagar madurai 19,india,"S2-251747432,S2-970254752,S3-407105361,S3-816148967,S3-8396274","S2-251747432,S3-407105361,S3-816148967",,"S2-970254752,S3-8396274"
S1-269442618,0.8823529411764706,1.0,0.6,Gold Energy,h no 7 41 1 heera colony hydershahkote golconda hyderabad telangana,india,"S2-23476362,S2-914549480,S3-453394483,S3-491733392,S3-64803064","S3-453394483,S3-491733392,S3-64803064",,"S2-23476362,S2-914549480"
S1-376656562,0.8823529411764706,1.0,0.6,Vijay Care Private Limited,1497 16 eacharath h mannuthy p o thrissur kerala,india,"S2-4354291,S3-147067439,S3-263049913,S3-421541221,S3-92189114","S3-147067439,S3-263049913,S3-421541221",,"S2-4354291,S3-92189114"
S1-360188878,0.8823529411764706,1.0,0.6,Good Constructions,c o jaharoom bee qureshi nr jobat tent house rajiv colony deodara mandla madhya pradesh,india,"S2-162663361,S2-336964689,S3-474772790,S3-629686619,S3-875542917","S2-162663361,S3-474772790,S3-629686619",,"S2-336964689,S3-875542917"
S1-272340452,0.8823529411764706,1.0,0.6,Lakshmi Tech Media Limited,shop no 06 nr petrol pump ratlam rd banswara rajasthan,india,"S2-335884802,S2-406933062,S2-632710131,S2-942679157,S3-991694601","S2-632710131,S2-942679157,S3-991694601",,"S2-335884802,S2-406933062"
S1-95503899,0.8823529411764706,1.0,0.6,Unique Investment Limited,h no 1152 kashiprayag bumglow champa nagari jail rd dasak nasik rd nashik maharashtra,india,"S2-816744928,S2-950137390,S3-339095779,S3-52775268,S3-713643107","S3-339095779,S3-52775268,S3-713643107",,"S2-816744928,S2-950137390"
S1-648894561,0.8823529411764706,1.0,0.6,Supreme Consultants Private Limited,236 and 237 the galleria dlf second fl mayur vihar ext 1 noida link rd new delhi east delhi delhi,india,"S2-443506042,S2-460176788,S3-792976560,S3-809239143,S3-829470335","S2-460176788,S3-809239143,S3-829470335",,"S2-443506042,S3-792976560"
S1-16541529,0.8823529411764706,1.0,0.6,Shyam Projects Private Limited,surat gujarat surat shiv shakti ind estate vill sanki ta palsana dist plot no 72 to 76,india,"S2-104867064,S2-986614014,S3-336949967,S3-639716765,S3-798423619","S2-104867064,S3-336949967,S3-798423619",,"S2-986614014,S3-639716765"
S1-199459184,0.8823529411764706,1.0,0.6,Best Trading Limited,door no 43 3437 nh bypass ernakulam kerala,india,"S2-563032934,S3-17922063,S3-330995446,S3-33878114,S3-785175144","S2-563032934,S3-330995446,S3-785175144",,"S3-17922063,S3-33878114"
S1-429691516,0.8823529411764706,1.0,0.6,Led Mail Pvt Ltd,tamil nadu kk ngr 187 chennai sv lingam stkk ngr chennai kk ngr chennai,india,"S2-548195004,S2-656967393,S3-364673182,S3-729682539,S3-948989150","S2-548195004,S2-656967393,S3-364673182",,"S3-729682539,S3-948989150"
S1-831133424,0.8974358974358975,0.875,1.0,Metropolitan Trust,175 amherst mobile homes amherst oh,us,"S2-848041579,S3-41436056,S3-464115887,S3-543748845,S3-740545025,S3-900115083,S3-910352974","S2-371523403,S2-848041579,S3-41436056,S3-464115887,S3-543748845,S3-740545025,S3-900115083,S3-910352974",S2-371523403,
S1-251550490,0.9090909090909091,1.0,0.6666666666666666,Guru Alpha Services Limited,kotia nirman bldg a side veera desai rd shah ind estate off new link rd andh eri west mumbai maharashtra,india,"S2-239923766,S3-341731837,S3-94854711","S3-341731837,S3-94854711",,S2-239923766
S1-343224704,0.9090909090909091,1.0,0.6666666666666666,Tri-State Program,1853 sunburst rd show low az,us,"S2-523722157,S3-209255236,S3-808459883","S2-523722157,S3-808459883",,S3-209255236
S1-637520401,0.9090909090909091,1.0,0.6666666666666666,Best Vijay Systems Private Limited,402 the great eastern galleria plot no 20 sec 4 nerul navi mumbai maharashtra,india,"S2-378686999,S2-9563699,S2-974316224,S3-131159081,S3-216028349,S3-77275149","S2-974316224,S3-131159081,S3-216028349,S3-77275149",,"S2-378686999,S2-9563699"
S1-95194363,0.9090909090909091,1.0,0.6666666666666666,Dream Hotels Pvt Ltd,flat no 1a bhootal high ve height apt semra chinhat lucknow uttar pradesh,india,"S2-913149988,S3-323416945,S3-669906731","S2-913149988,S3-323416945",,S3-669906731
S1-56629354,0.9090909090909091,1.0,0.6666666666666666,Classic Engineering Pvt Ltd,7 2 c 14 industrial estate sanath nagar balanagar hyderabad telangana,india,"S2-592774385,S3-214270764,S3-573253818","S3-214270764,S3-573253818",,S2-592774385
S1-289853373,0.9090909090909091,1.0,0.6666666666666666,Dynamic Investment Pvt Ltd,flat no a 202 swapnadeep apt kacheri rd nr station karjat raigarh maharashtra,india,"S2-241168038,S2-795503055,S3-895507441","S2-241168038,S3-895507441",,S2-795503055
S1-106775939,0.9090909090909091,1.0,0.6666666666666666,Internal Medicine Associates LLC,23351 zoar rd georgetown de,us,"S2-42406659,S2-939668034,S3-969535539","S2-42406659,S2-939668034",,S3-969535539
S1-47431587,0.9090909090909091,1.0,0.6666666666666666,AF Gas,811 3rd st unit 2011 phoenix az,us,"S2-701187812,S3-524549693,S3-604188768","S3-524549693,S3-604188768",,S2-701187812
S1-992538093,0.9090909090909091,1.0,0.6666666666666666,Super Producer Private Limited,anagha 2nd fl devasandra no 4 karnataka new bel rd bengaluru,india,"S2-241643735,S2-467447273,S2-709098295,S2-987130079,S3-311179784,S3-328263058","S2-241643735,S2-709098295,S2-987130079,S3-311179784",,"S2-467447273,S3-328263058"
S1-416469670,0.9090909090909091,1.0,0.6666666666666666,North Ventures Limited,h no je 33 a new 127 old kh 55 khirki extension delhi south delhi delhi,india,"S2-94707600,S3-257907464,S3-400743951","S2-94707600,S3-257907464",,S3-400743951
S1-78396716,0.9090909090909091,1.0,0.6666666666666666,Foundation Networks Technologies LLP,k 118 e 1 ground fl 6th ave k block boughan villa apartments annanagar e chennai tamil nadu,india,"S2-195553369,S2-349611367,S2-726794115,S3-476876321,S3-572202236,S3-9346711","S2-349611367,S2-726794115,S3-476876321,S3-9346711",,"S2-195553369,S3-572202236"
S1-652651286,0.9090909090909091,1.0,0.6666666666666666,Mumbai Marine Pvt Ltd,godown no 2a sunderville mumbai maharashtra mumbai city co operative society ltd s v rd next to vijay sales santacruz west,india,"S2-49863745,S2-506092154,S2-544013831,S2-759093679,S3-607679243,S3-668878337","S2-49863745,S2-506092154,S2-544013831,S3-668878337",,"S2-759093679,S3-607679243"
S1-962002773,0.9090909090909091,1.0,0.6666666666666666,Ronica Fletcher Clear Opportunities Inc,vt ryegate 96 manchester dr,us,"S3-100544217,S3-481837246,S3-494102154","S3-481837246,S3-494102154",,S3-100544217
S1-42826659,0.9090909090909091,1.0,0.6666666666666666,Harbor Sterling,18795 homestead rd ralph al,us,"S2-629715021,S3-226737253,S3-697310633","S2-629715021,S3-226737253",,S3-697310633
S1-306095185,0.9090909090909091,1.0,0.6666666666666666,Leo International School,mumbai maharashtra mumbai city al safa chs millat nagar andheri west 104 a 1,india,"S2-989597724,S3-261575641,S3-405262257","S2-989597724,S3-261575641",,S3-405262257
S1-299434720,0.9090909090909091,1.0,0.6666666666666666,Twisted Bike Shop,2015 glenview rd glenview il,us,"S2-119995668,S2-768147635,S3-330665696","S2-119995668,S2-768147635",,S3-330665696
S1-591079835,0.9090909090909091,1.0,0.6666666666666666,Foot & Ankle All Clinic LLC,528 mae st fl 1 medford or,us,"S2-73756594,S3-375990442,S3-63942752","S2-73756594,S3-63942752",,S3-375990442
S1-410267878,0.9090909090909091,1.0,0.6666666666666666,"Childs, Hull and Bryant Inc",n360 40th st town of maiden rock wi,us,"S2-567889700,S2-633664587,S3-40541377","S2-633664587,S3-40541377",,S2-567889700
S1-385036477,0.9090909090909091,1.0,0.6666666666666666,Internal Medicine Health,oh 54041 arman hill rd powhatan point,us,"S2-752007555,S2-951054804,S3-730117861","S2-752007555,S3-730117861",,S2-951054804
S1-958740646,0.9090909090909091,1.0,0.6666666666666666,Happy Ice Cream,tx dublin 425 eagle st,us,"S2-802979052,S3-396086135,S3-897268381","S2-802979052,S3-897268381",,S3-396086135
S1-422006769,0.9090909090909091,1.0,0.6666666666666666,Bharat Hospitality Pvt Ltd,flat no 5 gulmohor orchid s no2937 sahani sujanpark kondhwa pune maharashtra,india,"S2-767151611,S2-926052828,S3-962712339","S2-926052828,S3-962712339",,S2-767151611
S1-790201877,0.9090909090909091,1.0,0.6666666666666666,Modern Foundation Private Limited,flat no 108 first fl bibhab vellevue hotel mayur tourist complex fatehabad r oad agra uttar pradesh,india,"S2-397364551,S3-537066321,S3-556514319","S3-537066321,S3-556514319",,S2-397364551
S1-62395269,0.9090909090909091,1.0,0.6666666666666666,Advanced Best LLC,106 harwinton ave plymouth ct,us,"S2-449488695,S2-554011115,S2-9240140,S3-328592163,S3-624216693,S3-705430696","S2-554011115,S3-328592163,S3-624216693,S3-705430696",,"S2-449488695,S2-9240140"
S1-727253169,0.9090909090909091,1.0,0.6666666666666666,Gulf Select Spa Inc,253 hull st brooklyn ny,us,"S2-749608341,S3-789528040,S3-922672852","S2-749608341,S3-922672852",,S3-789528040
S1-63719584,0.9090909090909091,1.0,0.6666666666666666,"Marissa N. Westbrook, Ph.D.",132 white pine ln west jefferson nc,us,"S2-741398426,S3-513217341,S3-717623560","S2-741398426,S3-717623560",,S3-513217341
S1-160840431,0.9090909090909091,1.0,0.6666666666666666,AI Stellar Co,1112 lancaster way sacramento ca,us,"S2-428692546,S2-834540885,S3-124330465,S3-395592972,S3-909073343,S3-985457283","S2-428692546,S3-124330465,S3-909073343,S3-985457283",,"S2-834540885,S3-395592972"
S1-658336143,0.9090909090909091,1.0,0.6666666666666666,Bharat Projects Private Limited,wz 1390 12b nr janakpuri d block pankha rd nagal rai new delhi west delhi delhi,india,"S2-955208024,S2-972966788,S3-275349982","S2-972966788,S3-275349982",,S2-955208024
S1-809024061,0.9090909090909091,1.0,0.6666666666666666,Digiovanni Management LP,9826 rocky wash dr az tucson,us,"S2-433345730,S2-691213961,S2-730625481","S2-433345730,S2-691213961",,S2-730625481
S1-437908048,0.9090909090909091,1.0,0.6666666666666666,Alena Alvarez Dynamic Preferred,14 ashwood rd manorhaven ny,us,"S3-824643561,S3-840073525,S3-913525826","S3-824643561,S3-840073525",,S3-913525826
S1-432558180,0.9090909090909091,1.0,0.6666666666666666,Back Alley Pilates Inc,330 creekside dr league city tx,us,"S2-910177074,S3-687859300,S3-90028640","S3-687859300,S3-90028640",,S2-910177074
S1-319623651,0.9090909090909091,1.0,0.6666666666666666,Colonial Rain,3718 eugene st pulaski county va,us,"S2-355734390,S2-997888298,S3-506438945","S2-997888298,S3-506438945",,S2-355734390
S1-746998714,0.9090909090909091,1.0,0.6666666666666666,Shyam Swastik Investments Pvt Ltd,block 2a and 2b dlf corporate park dlf city phase iii m g rd gurugram haryana india dlf qe gurugram haryana,india,"S3-212451101,S3-403266982,S3-671657132","S3-212451101,S3-671657132",,S3-403266982
S1-953470089,0.9090909090909091,1.0,0.6666666666666666,Tirupati Systems Limited,c o mangesh waman nirantar shop no g 1 f bldg kasliwal suvarnayog garkhed a aurangabad maharashtra,india,"S3-300254136,S3-430129367,S3-613209073","S3-300254136,S3-430129367",,S3-613209073
S1-535936959,0.9090909090909091,1.0,0.6666666666666666,OQR Plast Ltd,104 haryana sai complex gali no 4 tigaon rd omaxe heights old gate faridabad,india,"S2-680594872,S2-779615779,S3-243767230","S2-680594872,S2-779615779",,S3-243767230
S1-941796285,0.9090909090909091,1.0,0.6666666666666666,Rutter Industries P.C.,2900 st rose lebanon rd springfield ky,us,"S2-27423601,S2-931927742,S3-272999534","S2-27423601,S2-931927742",,S3-272999534
S1-469219828,0.9090909090909091,1.0,0.6666666666666666,Right Enterprises Pvt. Ltd.,ele nesco it park goregaon east nesco it bldg no 4w e hwy goregaon east mumbai maharashtra 10th flr c wing nr service lift,india,"S2-151434257,S2-492640126,S3-137454741","S2-492640126,S3-137454741",,S2-151434257
S1-925403791,0.9375,1.0,0.75,12 30 Bhav,50 200 unit office farmington ut,us,"S2-121794018,S2-39762537,S2-595572022,S3-117008455","S2-121794018,S2-595572022,S3-117008455",,S2-39762537
S1-366459956,0.9375,1.0,0.75,"Smart Unified Globa, LLC",273 church st west chicago il,us,"S2-581791263,S3-221991950,S3-244041594,S3-39035336","S2-581791263,S3-221991950,S3-244041594",,S3-39035336
S1-873927210,0.9375,1.0,0.75,BP Foundation Private Limited,no121 geetanjali 11thmain 9thblocknagarbhavi 2ndstage bengaluru karnataka,india,"S2-318386716,S2-693679758,S3-312239210,S3-809761193","S2-318386716,S2-693679758,S3-809761193",,S3-312239210
S1-417074218,0.9375,1.0,0.75,One Constructions Private Limited,130 zahoor garden khaggu sarai sambhal moradabad uttar pradesh,india,"S2-776251876,S3-171555434,S3-387274034,S3-804702164","S2-776251876,S3-171555434,S3-804702164",,S3-387274034
S1-110295930,0.9375,1.0,0.75,PF Bread LLC,jonesborough tn 492 taylor bridge rd,us,"S2-915385449,S3-170663568,S3-289010079,S3-836304825","S3-170663568,S3-289010079,S3-836304825",,S2-915385449
S1-565539266,0.9375,1.0,0.75,Digital Engineering Private Limited,d10 77 1b ginning compound nh s g pudur avinashi rd arasur po palladam coimbatore tamil nadu,india,"S2-492189110,S2-499153347,S2-902552308,S3-777428058","S2-492189110,S2-499153347,S2-902552308",,S3-777428058
S1-928763911,0.9375,1.0,0.75,L+ Kogyo,2324 evenson dr city of onalaska wi,us,"S2-11775719,S2-332171338,S3-199240475,S3-597522215","S2-11775719,S2-332171338,S3-597522215",,S3-199240475
S1-215469834,0.9375,1.0,0.75,Grabowski & Johnston LLC,in morristown 404 midway st,us,"S3-468313937,S3-571645065,S3-72743974,S3-813268835","S3-468313937,S3-571645065,S3-813268835",,S3-72743974
S1-174306760,0.9375,1.0,0.75,Fairlink Technologies Limited,56 g pocket b 7 janta flats mayur vihar phase 3 delhi east delhi delhi,india,"S2-785690764,S3-109128077,S3-360070187,S3-757174723","S2-785690764,S3-360070187,S3-757174723",,S3-109128077
S1-162593001,0.9375,1.0,0.75,Primary Care Group,8190 tr 73 old fort oh,us,"S2-335322974,S2-381402880,S2-626201820,S3-443312032","S2-335322974,S2-381402880,S2-626201820",,S3-443312032
S1-975229569,0.9375,1.0,0.75,"Better Software Services, LLC",8 knollridge rd asheville nc,us,"S2-884998999,S3-52307900,S3-581095202,S3-603710587","S2-884998999,S3-52307900,S3-581095202",,S3-603710587
S1-568217118,0.9375,1.0,0.75,Simms Osisko Inc,3113 springdale ave glenview il,us,"S2-429355242,S2-470418302,S2-981492432,S3-409229792","S2-429355242,S2-470418302,S2-981492432",,S3-409229792
S1-919867800,0.9375,1.0,0.75,Oracle Educational Society,west chavakatta bridgepost box no 2620 canal rd alleppey alappuzha kerala,india,"S2-727311767,S3-44973213,S3-466110031,S3-6154731","S3-44973213,S3-466110031,S3-6154731",,S2-727311767
S1-352105774,0.9375,1.0,0.75,"Nedda E. Kemp, L.C.S.W.",320 388 crossville al,us,"S2-710679913,S3-14555818,S3-539217122,S3-782980783","S3-14555818,S3-539217122,S3-782980783",,S2-710679913
S1-800482427,0.9375,1.0,0.75,B+ Biotechnologies LLC,328 buckingham st unit 414 columbus oh,us,"S3-22228357,S3-321919925,S3-338689364,S3-355590735","S3-22228357,S3-321919925,S3-338689364",,S3-355590735
S1-355821652,0.9375,1.0,0.75,Al Impex Private Limited,flat nob 1703 hyderabad rangareddy telangana ramky towers gachibowlii serlingampally,india,"S2-78121805,S3-324522097,S3-419682499,S3-562463813","S3-324522097,S3-419682499,S3-562463813",,S2-78121805
S1-955594204,0.9375,1.0,0.75,Classic Silver Power,d 1 zarna enclave service rd western express hwy kandivali mumbai city maharashtra,india,"S2-289243629,S2-760217954,S3-23270803,S3-240460267","S2-760217954,S3-23270803,S3-240460267",,S2-289243629
S1-881535873,0.9375,1.0,0.75,Azamgarh Marketing Private Limited,c o ajai kumar rai village lachirampur hafizpur post heerapatti azamgarh uttar pradesh,india,"S2-642463929,S3-235111026,S3-724794232,S3-820808792","S3-235111026,S3-724794232,S3-820808792",,S2-642463929
S1-74446127,0.9375,1.0,0.75,Colombier,oh 6749 smith rd middleburg heights,us,"S2-291489127,S2-391135618,S2-425440483,S3-283741124","S2-291489127,S2-391135618,S3-283741124",,S2-425440483
S1-163766842,0.9375,1.0,0.75,Star Offshore Care,235 sunset ave wenatchee wa,us,"S2-573098593,S3-437156798,S3-640384301,S3-921257239","S2-573098593,S3-437156798,S3-640384301",,S3-921257239
S1-927040107,0.9375,1.0,0.75,IR Cornerstone Bain LLC,1727 galena dr city of port washington wi,us,"S2-310688935,S3-191997854,S3-417325437,S3-472621947","S3-191997854,S3-417325437,S3-472621947",,S2-310688935
S1-815441395,0.9375,1.0,0.75,"Marquez, Koogler and Jones LLC",6645 253 twin al,us,"S2-274330718,S2-712853094,S2-990802487,S3-630039069","S2-274330718,S2-712853094,S3-630039069",,S2-990802487
S1-675501791,0.9375,1.0,0.75,Genuine Engineering Pvt Ltd,house no 476 katkari padathane belapur rd ravale no 2 navi mumbai thane maharashtra,india,"S2-168926688,S2-377038584,S3-811294628,S3-885487406","S2-168926688,S2-377038584,S3-811294628",,S3-885487406
S1-602440532,0.9375,1.0,0.75,Falcon LLC,8848 8th st unit 16b phoenix az,us,"S2-345263307,S2-676126971,S3-802287335,S3-962263391","S2-345263307,S3-802287335,S3-962263391",,S2-676126971
S1-531702299,0.9375,1.0,0.75,Premier Developers,no 15 a 1st fl pappya compound m s ramaiya hospital rd rmv ashwat nag ar bengaluru karnataka,india,"S2-172372884,S3-553371303,S3-684098259,S3-961484644","S2-172372884,S3-684098259,S3-961484644",,S3-553371303
S1-37071617,0.9375,1.0,0.75,Oakwood Marine (India) Limited,imperial heights b 408 4th fl 150 ring rd rajkot gujarat,india,"S2-190058212,S2-756825456,S3-199597919,S3-325237530","S2-190058212,S2-756825456,S3-325237530",,S3-199597919
S1-559951900,0.9375,1.0,0.75,Vijay Consulting Pvt Ltd,chhotki nawada gandhi more gaya office r s ps delha gaya bihar,india,"S2-14011103,S2-328739778,S2-997091132,S3-485439567","S2-14011103,S2-328739778,S3-485439567",,S2-997091132
S1-57396698,0.9375,1.0,0.75,"Capital Paper, LLC",38837 450th st lengby mn,us,"S2-14731009,S2-425714455,S2-872342294,S3-629380612","S2-14731009,S2-425714455,S2-872342294",,S3-629380612
S1-823023497,0.9375,1.0,0.75,Pediatric Physicians,1221 spruce dr zebulon nc,us,"S2-274803263,S2-789947086,S3-624803702,S3-758121487","S2-274803263,S2-789947086,S3-624803702",,S3-758121487
S1-401836525,0.9375,1.0,0.75,Interstate Charities,170 tiffany nicole ln lexington tn,us,"S2-831595133,S2-84255879,S3-230254674,S3-230359993","S2-831595133,S2-84255879,S3-230359993",,S3-230254674
S1-550960819,0.9375,1.0,0.75,Premier Properties Pvt Ltd,haryana hisar hissar h no 692 sec 15a,india,"S3-508777922,S3-78843395,S3-854529615,S3-994052393","S3-508777922,S3-78843395,S3-994052393",,S3-854529615
S1-567349457,0.9375,1.0,0.75,Bay Horse Inc.,6601 4th ave phoenix az,us,"S2-209454655,S3-295513461,S3-565190357,S3-70405454","S2-209454655,S3-295513461,S3-565190357",,S3-70405454
S1-47185754,0.9375,1.0,0.75,Shivam Gateway Ltd,plot no 19 arazi no 1044 min bairi akbarpur banger kanpur nagar kanpur uttar pradesh,india,"S2-107282056,S2-450005434,S2-85059661,S3-53973142","S2-450005434,S2-85059661,S3-53973142",,S2-107282056
S1-39787756,0.9375,1.0,0.75,BEY Services Ltd,i 304 sect 1 suncity vi bopal ta dacroi ahmadabad ahmedabad gujarat,india,"S2-420815161,S2-554196976,S2-840574975,S2-912305831","S2-420815161,S2-554196976,S2-840574975",,S2-912305831
S1-62329201,0.9523809523809523,1.0,0.8,Urology Center Inc.,695 empire bd irondequoit ny,us,"S2-180956985,S2-2637735,S2-400606005,S3-270245622,S3-985598842","S2-180956985,S2-400606005,S3-270245622,S3-985598842",,S2-2637735
S1-308686319,0.9523809523809523,1.0,0.8,Beacon & Brothers Private Limited,5 1 arabinda rd nabagram hooghly west bengal,india,"S2-13044831,S2-28743639,S3-19840565,S3-476916699,S3-7188466","S2-13044831,S3-19840565,S3-476916699,S3-7188466",,S2-28743639
S1-388325812,0.9523809523809523,1.0,0.8,Slate Inc,1930 fawn dr cheltenham township pa,us,"S2-24127956,S2-359885281,S3-131944817,S3-197262044,S3-349217848","S2-24127956,S2-359885281,S3-131944817,S3-349217848",,S3-197262044
S1-983237906,0.9523809523809523,1.0,0.8,K 8 Certified Living,26284 29 heath al,us,"S2-103618558,S2-284446924,S2-517345123,S2-708343390,S3-76779445","S2-103618558,S2-284446924,S2-708343390,S3-76779445",,S2-517345123
S1-903467626,0.9523809523809523,1.0,0.8,Ely Machine Works Inc,205 dyer st henry county va,us,"S2-188653582,S2-581955670,S3-507666930,S3-610296731,S3-779872380","S2-188653582,S2-581955670,S3-507666930,S3-779872380",,S3-610296731
S1-615666191,0.9523809523809523,1.0,0.8,BFX Multi Ltd,280 pocket e gtb enclave dilshad garden delhi,india,"S2-553276315,S3-491047046,S3-499539940,S3-640494109,S3-830347892","S2-553276315,S3-491047046,S3-499539940,S3-640494109",,S3-830347892
S1-256047752,0.9523809523809523,1.0,0.8,Rodriguez Partnership Inc,1006 rosemont terrace upper hanover township pa,us,"S2-316262441,S2-560010479,S2-709413320,S3-357184120,S3-902256340","S2-316262441,S2-560010479,S2-709413320,S3-357184120",,S3-902256340
S1-752808975,0.9523809523809523,1.0,0.8,Hyderabad Agro Limited,39 109 plot no 109 a f co operative society sainikpuri hyderabad telangana,india,"S2-743611932,S2-798739830,S3-650024549,S3-751259858,S3-799837556","S2-743611932,S2-798739830,S3-650024549,S3-751259858",,S3-799837556
S1-435587816,0.9523809523809523,1.0,0.8,"Iraheta, Dacie, D.O.",77 morrison st struthers oh,us,"S2-600565084,S2-647226257,S3-295724377,S3-361957744,S3-486498115","S2-600565084,S2-647226257,S3-295724377,S3-361957744",,S3-486498115
S1-252242682,0.9523809523809523,1.0,0.8,"Aggie E. Nagle, L.C.S.W.",11900 54th ave plymouth mn,us,"S2-167308687,S2-456524607,S2-568363011,S2-84842746,S3-527367881","S2-167308687,S2-456524607,S2-568363011,S3-527367881",,S2-84842746
S1-707760473,0.9523809523809523,1.0,0.8,"Mulford, Ruiz and Singh",49 terrace ct carmel in,us,"S2-464932012,S2-942417161,S3-234009889,S3-641931493,S3-914241727","S2-464932012,S3-234009889,S3-641931493,S3-914241727",,S2-942417161
S1-774836812,0.9523809523809523,1.0,0.8,Weiler Blue Brokerage PLLC,132 danforth st portland me,us,"S2-247393277,S2-279885139,S3-312382203,S3-607767842,S3-679420587","S2-247393277,S2-279885139,S3-607767842,S3-679420587",,S3-312382203
S1-995572998,0.9523809523809523,1.0,0.8,New Foods Private Limited,c 401 rukmini vaibhav chsl azad nagar 3 vd rd mumbai maharashtra,india,"S2-137858002,S2-813719642,S2-987705756,S3-286331151,S3-727955120","S2-137858002,S2-987705756,S3-286331151,S3-727955120",,S2-813719642
S1-175633133,0.9523809523809523,1.0,0.8,Suyash Ventures Private Limited,d no 9 47 36 3 gf 103 dtr mansion vaibhav nagar visakhapatnam rural visakhapatnam vishakhapatnam andhra pradesh,india,"S2-40070794,S2-671727056,S3-428139757,S3-52694257,S3-82838739","S2-40070794,S2-671727056,S3-428139757,S3-52694257",,S3-82838739
S1-402902918,0.9523809523809523,1.0,0.8,"Bright Trading Services, LLC",465 westgate pkwy al dothan,us,"S2-465830312,S2-83701827,S3-176192568,S3-733915628,S3-989499302","S2-465830312,S2-83701827,S3-176192568,S3-989499302",,S3-733915628
S1-680779707,0.9523809523809523,1.0,0.8,Shree Apple Company,p no 66 kanak vrindavan prime kanakpura sirsi rd jaipur rajasthan,india,"S2-19067301,S2-198099644,S3-309947025,S3-437877151,S3-769293736","S2-19067301,S2-198099644,S3-437877151,S3-769293736",,S3-309947025
S1-244890000,0.9523809523809523,1.0,0.8,Pune Solutions Private Limited,nirmal township ii sno 42 kale padal rd hadapsar pune maharashtra,india,"S2-796460357,S2-805887102,S3-291439774,S3-386429826,S3-971524963","S2-796460357,S3-291439774,S3-386429826,S3-971524963",,S2-805887102
S1-97581850,0.9523809523809523,1.0,0.8,Green Exports Private Limited,b 3 b 71c janakpuri new delhi west delhi delhi,india,"S2-287401931,S3-256916098,S3-3248296,S3-447060680,S3-60652506","S2-287401931,S3-256916098,S3-3248296,S3-447060680",,S3-60652506
