threshold,margin,macro_f05,precision,recall,singleton_accuracy
0.5,0.0,0.9521280783504533,0.9726773809523809,0.9222583333333333,0.8405797101449275
0.5,0.02,0.9521280783504533,0.9726773809523809,0.9222583333333333,0.8405797101449275
0.5,0.05,0.9521280783504533,0.9726773809523809,0.9222583333333333,0.8405797101449275
0.5,0.08,0.9521280783504533,0.9726773809523809,0.9222583333333333,0.8405797101449275
0.5,0.1,0.9521280783504533,0.9726773809523809,0.9222583333333333,0.8405797101449275
0.55,0.0,0.9521280783504533,0.9726773809523809,0.9222583333333333,0.8405797101449275
0.55,0.02,0.9521280783504533,0.9726773809523809,0.9222583333333333,0.8405797101449275
0.55,0.05,0.9521280783504533,0.9726773809523809,0.9222583333333333,0.8405797101449275
0.55,0.08,0.9521280783504533,0.9726773809523809,0.9222583333333333,0.8405797101449275
0.55,0.1,0.9521280783504533,0.9726773809523809,0.9222583333333333,0.8405797101449275
0.6,0.0,0.9541280783504533,0.9746773809523809,0.9222583333333333,0.8695652173913043
0.6,0.02,0.9541280783504533,0.9746773809523809,0.9222583333333333,0.8695652173913043
0.6,0.05,0.9541280783504533,0.9746773809523809,0.9222583333333333,0.8695652173913043
0.6,0.08,0.9541280783504533,0.9746773809523809,0.9222583333333333,0.8695652173913043
0.6,0.1,0.9541280783504533,0.9746773809523809,0.9222583333333333,0.8695652173913043
0.65,0.0,0.9551280783504533,0.9756773809523809,0.9222583333333333,0.8840579710144928
0.65,0.02,0.9551280783504533,0.9756773809523809,0.9222583333333333,0.8840579710144928
0.65,0.05,0.9551280783504533,0.9756773809523809,0.9222583333333333,0.8840579710144928
0.65,0.08,0.9551280783504533,0.9756773809523809,0.9222583333333333,0.8840579710144928
0.65,0.1,0.9551280783504533,0.9756773809523809,0.9222583333333333,0.8840579710144928
0.7,0.0,0.9551280783504533,0.9756773809523809,0.9222583333333333,0.8840579710144928
0.7,0.02,0.9551280783504533,0.9756773809523809,0.9222583333333333,0.8840579710144928
0.7,0.05,0.9551280783504533,0.9756773809523809,0.9222583333333333,0.8840579710144928
0.7,0.08,0.9551280783504533,0.9756773809523809,0.9222583333333333,0.8840579710144928
0.7,0.1,0.9551280783504533,0.9756773809523809,0.9222583333333333,0.8840579710144928
0.75,0.0,0.9561280783504533,0.9766773809523809,0.9222583333333333,0.8985507246376812
0.75,0.02,0.9561280783504533,0.9766773809523809,0.9222583333333333,0.8985507246376812
0.75,0.05,0.9561280783504533,0.9766773809523809,0.9222583333333333,0.8985507246376812
0.75,0.08,0.9561280783504533,0.9766773809523809,0.9222583333333333,0.8985507246376812
0.75,0.1,0.9561280783504533,0.9766773809523809,0.9222583333333333,0.8985507246376812
0.8,0.0,0.9581280783504533,0.9786773809523809,0.9222583333333333,0.927536231884058
0.8,0.02,0.9581280783504533,0.9786773809523809,0.9222583333333333,0.927536231884058
0.8,0.05,0.9581280783504533,0.9786773809523809,0.9222583333333333,0.927536231884058
0.8,0.08,0.9581280783504533,0.9786773809523809,0.9222583333333333,0.927536231884058
0.8,0.1,0.9581280783504533,0.9786773809523809,0.9222583333333333,0.927536231884058
0.82,0.0,0.9581280783504533,0.9786773809523809,0.9222583333333333,0.927536231884058
0.82,0.02,0.9581280783504533,0.9786773809523809,0.9222583333333333,0.927536231884058
0.82,0.05,0.9581280783504533,0.9786773809523809,0.9222583333333333,0.927536231884058
0.82,0.08,0.9581280783504533,0.9786773809523809,0.9222583333333333,0.927536231884058
0.82,0.1,0.9581280783504533,0.9786773809523809,0.9222583333333333,0.927536231884058
0.84,0.0,0.9581280783504533,0.9786773809523809,0.9222583333333333,0.927536231884058
0.84,0.02,0.9581280783504533,0.9786773809523809,0.9222583333333333,0.927536231884058
0.84,0.05,0.9581280783504533,0.9786773809523809,0.9222583333333333,0.927536231884058
0.84,0.08,0.9581280783504533,0.9786773809523809,0.9222583333333333,0.927536231884058
0.84,0.1,0.9581280783504533,0.9786773809523809,0.9222583333333333,0.927536231884058
0.86,0.0,0.9581280783504533,0.9786773809523809,0.9222583333333333,0.927536231884058
0.86,0.02,0.9581280783504533,0.9786773809523809,0.9222583333333333,0.927536231884058
0.86,0.05,0.9581280783504533,0.9786773809523809,0.9222583333333333,0.927536231884058
0.86,0.08,0.9581280783504533,0.9786773809523809,0.9222583333333333,0.927536231884058
0.86,0.1,0.9581280783504533,0.9786773809523809,0.9222583333333333,0.927536231884058
0.88,0.0,0.9581280783504533,0.9786773809523809,0.9222583333333333,0.927536231884058
0.88,0.02,0.9581280783504533,0.9786773809523809,0.9222583333333333,0.927536231884058
0.88,0.05,0.9581280783504533,0.9786773809523809,0.9222583333333333,0.927536231884058
0.88,0.08,0.9581280783504533,0.9786773809523809,0.9222583333333333,0.927536231884058
0.88,0.1,0.9581280783504533,0.9786773809523809,0.9222583333333333,0.927536231884058
0.9,0.0,0.9581280783504533,0.9786773809523809,0.9222583333333333,0.927536231884058
0.9,0.02,0.9581280783504533,0.9786773809523809,0.9222583333333333,0.927536231884058
0.9,0.05,0.9581280783504533,0.9786773809523809,0.9222583333333333,0.927536231884058
0.9,0.08,0.9581280783504533,0.9786773809523809,0.9222583333333333,0.927536231884058
0.9,0.1,0.9581280783504533,0.9786773809523809,0.9222583333333333,0.927536231884058
0.92,0.0,0.9581280783504533,0.9786773809523809,0.9222583333333333,0.927536231884058
0.92,0.02,0.9581280783504533,0.9786773809523809,0.9222583333333333,0.927536231884058
0.92,0.05,0.9581280783504533,0.9786773809523809,0.9222583333333333,0.927536231884058
0.92,0.08,0.9581280783504533,0.9786773809523809,0.9222583333333333,0.927536231884058
0.92,0.1,0.9581280783504533,0.9786773809523809,0.9222583333333333,0.927536231884058
0.94,0.0,0.9581280783504533,0.9786773809523809,0.9222583333333333,0.927536231884058
0.94,0.02,0.9581280783504533,0.9786773809523809,0.9222583333333333,0.927536231884058
0.94,0.05,0.9581280783504533,0.9786773809523809,0.9222583333333333,0.927536231884058
0.94,0.08,0.9581280783504533,0.9786773809523809,0.9222583333333333,0.927536231884058
0.94,0.1,0.9581280783504533,0.9786773809523809,0.9222583333333333,0.927536231884058
0.95,0.0,0.9581280783504533,0.9786773809523809,0.9222583333333333,0.927536231884058
0.95,0.02,0.1340416666666667,0.142,0.12698333333333334,0.927536231884058
0.95,0.05,0.13060515873015874,0.138,0.12415,0.927536231884058
0.95,0.08,0.13060515873015874,0.138,0.12415,0.927536231884058
0.95,0.1,0.13060515873015874,0.138,0.12415,0.927536231884058
0.96,0.0,0.9581280783504533,0.9786773809523809,0.9222583333333333,0.927536231884058
0.96,0.02,0.1340416666666667,0.142,0.12698333333333334,0.927536231884058
0.96,0.05,0.13060515873015874,0.138,0.12415,0.927536231884058
0.96,0.08,0.13060515873015874,0.138,0.12415,0.927536231884058
0.96,0.1,0.13060515873015874,0.138,0.12415,0.927536231884058
0.97,0.0,0.9581280783504533,0.9786773809523809,0.9222583333333333,0.927536231884058
0.97,0.02,0.1340416666666667,0.142,0.12698333333333334,0.927536231884058
0.97,0.05,0.13060515873015874,0.138,0.12415,0.927536231884058
0.97,0.08,0.13060515873015874,0.138,0.12415,0.927536231884058
0.97,0.1,0.13060515873015874,0.138,0.12415,0.927536231884058
0.98,0.0,0.9590581138448038,0.9801535714285714,0.9213083333333333,0.927536231884058
0.98,0.02,0.13481944444444446,0.143,0.12698333333333334,0.927536231884058
0.98,0.05,0.13060515873015874,0.138,0.12415,0.927536231884058
0.98,0.08,0.13060515873015874,0.138,0.12415,0.927536231884058
0.98,0.1,0.13060515873015874,0.138,0.12415,0.927536231884058
